Project,Market Sector,Safety Score,Safety Grade,Earnings Quality Score,User Growth Score,Growth Category,Fair Value Score,Valuation Category,Market Cap to Revenue Ratio
0x,Exchanges (DEX),85.3,A,0.0,64.69035460275727,Steady Growth,37.77777777777778,Overvalued,0.0x
1inch Network,Exchanges (DEX),94.25,AAA,0.0,87.7843015808811,Exceptional Growth,24.839015151515152,Overvalued,0.0x
4EVERLAND,Infrastructure,,,0.0,,,,,
AB,Lending,86.58,AA,0.0,45.13157894736842,Steady Growth,,,
ABEL Finance,Lending,,,0.0,45.13157894736842,Steady Growth,,,
AI Companions,,67.39,BB,,,,,,
AIOZ Network,,81.7,A,,,,,,
APENFT,,62.39,B,,,,,,
API3,Infrastructure,,,0.0,84.19142449403218,Exceptional Growth,52.0,Fairly Valued,
AVNU,Exchanges (DEX),,,0.0,,,,,
AZERO ID,Infrastructure,,,0.0,,,,,
Aark,Derivative exchanges,,,0.0,56.83673469387756,Steady Growth,52.0,Fairly Valued,
Aave,Lending,90.35,AA,62.67057362728197,99.07407407407408,Exceptional Growth,70.5859375,Undervalued,0.0x
Aave GHO,Stablecoin issuers,,,0.0,,,,,
Abracadabra.money,Stablecoin issuers,,,46.56595159447018,83.48214285714286,Exceptional Growth,32.88392857142857,Overvalued,0.0x
Abstract,Blockchains (L2),,,0.0,,,,,
Acala Network,Blockchains (L2),,,0.0,51.09837462189378,Steady Growth,,,
Across,Bridges,,,0.0,42.44724025974026,Slow Growth,39.333333333333336,Overvalued,0.0x
Aerodrome Finance,Exchanges (DEX),79.36,A,60.788622351381406,88.64047173627264,Exceptional Growth,74.74567099567099,Undervalued,0.0x
Aethir,Infrastructure,,,0.0,69.83945251686559,Strong Growth,52.0,Fairly Valued,
Aevo,Derivative exchanges,,,0.0,89.37847866419295,Exceptional Growth,55.0,Fairly Valued,
Aftermath Finance,Exchanges (DEX),,,0.0,,,,,
AgentFun,,46.56,CC,,,,,,
Agora,Stablecoin issuers,,,0.0,,,,,
Ai16z,,59.62,B,,,,,,
AirSwap,Exchanges (DEX),,,26.124929979396992,59.36675219941349,Steady Growth,32.25378787878788,Overvalued,0.0x
Ajuna Network,Blockchains (L2),,,0.0,25.384615384615387,Slow Growth,,,
Akash Network,Infrastructure,82.55,A,0.0,65.37234042553192,Strong Growth,,,
Alaya AI,Infrastructure,,,0.0,,,,,
Alchemix Finance,Asset management,,,0.0,77.2238514173998,Strong Growth,52.0,Fairly Valued,
Alchemy Pay,,84.45,A,,,,,,
Aleph Zero EVM,Blockchains (L2),,,23.0080774522824,59.28015077115355,Steady Growth,14.933333333333332,Overvalued,0.0x
Algorand,Blockchains (L1),87.49,AA,38.517054285532666,57.27272727272727,Steady Growth,52.52403846153846,Fairly Valued,0.0x
Alien Base,Exchanges (DEX),,,0.0,53.53281423804228,Steady Growth,55.0,Fairly Valued,
AlienX,Blockchains (L2),,,0.0,,,,,
Alkimi Exchange,Infrastructure,,,0.0,37.23566424494032,Slow Growth,45.0,Fairly Valued,
Alkimiya,Infrastructure,,,0.0,,,,,
Allbridge Core,Bridges,,,46.13065102827046,65.22727272727272,Strong Growth,,,
Allstake,Liquid staking,,,0.0,,,,,
Alluvial,,83.74,A,,,,,,
Alongside,Asset management,,,0.0,,,50.0,Fairly Valued,
Ambient,Exchanges (DEX),,,0.0,,,,,
Amnis Finance,Liquid staking,67.57,BB,0.0,,,,,
Ancient8,Blockchains (L2),,,0.0,61.54861442904921,Steady Growth,52.0,Fairly Valued,
Ankr,Liquid staking,91.0,AA,0.0,60.09191176470589,Steady Growth,55.99999999999999,Fairly Valued,
Anzen,Stablecoin issuers,,,0.0,,,,,
ApeCoin,,89.29,AA,,,,,,
ApePro,Exchanges (DEX),,,0.0,,,,,
ApeSwap,Exchanges (DEX),,,27.394800990132406,38.49936903798834,Slow Growth,90.9375,Undervalued,139.5x
ApeX Protocol,Derivative exchanges,,,0.0,77.65862708719851,Strong Growth,50.0,Fairly Valued,
Apeiron,Gaming,,,0.0,53.39869281045752,Steady Growth,45.0,Fairly Valued,
Aperture,Exchanges (DEX),,,0.0,30.454545454545457,Slow Growth,,,
ApolloX,Derivative exchanges,,,37.940421981877215,77.00079169598875,Strong Growth,60.36458333333333,Fairly Valued,0.0x
Aptin Finance,Lending,,,0.0,,,,,
AptoSwap,Exchanges (DEX),,,0.0,,,,,
Aptos,Blockchains (L1),94.28,AAA,43.49478334281707,74.57650162337663,Strong Growth,55.43990384615385,Fairly Valued,0.0x
Aragon,Infrastructure,,,0.0,11.789050337311885,Stagnant/Declining,46.78571428571429,Fairly Valued,0.0x
Arbitrum,Blockchains (L2),94.3,AAA,64.9549137112815,96.30346290771791,Exceptional Growth,70.41071428571428,Undervalued,0.0x
Arbitrum Bridge,Bridges,,,0.0,97.40259740259742,Exceptional Growth,,,
Arbitrum Nova,Blockchains (L2),,,0.0,,,,,
Arbitrum One,Blockchains (L2),,,64.9549137112815,96.30346290771791,Exceptional Growth,70.41071428571428,Undervalued,0.0x
Archblock,Stablecoin issuers,,,0.0,,,,,
Argent,Infrastructure,,,0.0,,,,,
Aries Markets,Lending,,,0.0,,,,,
Arkham,Infrastructure,85.6,A,0.0,80.31882459782044,Exceptional Growth,45.99999999999999,Fairly Valued,
Arrakis Finance,Asset management,,,0.0,,,,,
Arrow Markets,Derivative exchanges,,,0.0,29.333951762523192,Slow Growth,50.0,Fairly Valued,
Arweave,Blockchains (L1),74.13,BBB,0.0,50.45454545454545,Steady Growth,60.0,Fairly Valued,
Aspect,NFT marketplaces,,,0.0,,,,,
Astar,Blockchains (L2),86.81,AA,0.0,48.94308943089431,Steady Growth,,,
Astar zkEVM,Blockchains (L2),,,0.0,,,,,
Astherus,,68.94,BB,,,,,,
Astroport,Exchanges (DEX),,,0.0,30.689655172413797,Slow Growth,,,
Aura Finance,Asset management,,,46.983308486486656,65.0293255131965,Strong Growth,74.49404761904762,Undervalued,0.0x
Aurora,Blockchains (L2),,,0.0,47.61825131390349,Steady Growth,50.0,Fairly Valued,
Avalanche,Blockchains (L1),94.12,AAA,39.96282983690581,63.59943977591037,Steady Growth,61.80288461538461,Fairly Valued,0.0x
Avalon Finance,Lending,,,0.0,72.38304093567251,Strong Growth,45.0,Fairly Valued,
Avantis,Exchanges (DEX),,,0.0,,,,,
Aventus,Blockchains (L2),,,0.0,31.452460582895373,Slow Growth,45.0,Fairly Valued,
Axelar Network,Interoperability,92.36,AA,0.0,100.0,Exceptional Growth,,,
Axie Infinity,Gaming,85.55,A,0.0,94.11764705882352,Exceptional Growth,80.00000000000001,Undervalued,0.0x
Axiom,Infrastructure,,,0.0,,,,,
Azuro,Prediction markets,,,0.0,65.46875,Strong Growth,55.0,Fairly Valued,
B.Protocol,Infrastructure,,,0.0,,,,,
B3,Blockchains (L3),,,0.0,70.0,Strong Growth,55.0,Fairly Valued,
BENQI Liquid Staked AVAX,Lending,79.85,A,40.20428212006127,70.427022417154,Strong Growth,60.67187500000001,Fairly Valued,0.0x
BENQI Liquid Staked AVAX,,79.85,A,,,,,,
BENQI Liquid Staking,Liquid staking,,,0.0,57.5,Steady Growth,,,
BMX,Derivative exchanges,,,44.40244942680416,65.88605975305484,Strong Growth,83.2936507936508,Undervalued,0.0x
BNB Chain,Blockchains (L1),94.69,AAA,48.5009231754041,94.40882034632034,Exceptional Growth,67.66666666666667,Fairly Valued,0.0x
BNB48 Club Token,,66.67,BB,,,,,,
BOB,Blockchains (L2),,,0.0,65.438443670151,Strong Growth,,,
BSX Exchange,Derivative exchanges,,,0.0,,,,,
Baby Doge,,81.19,A,,,,,,
Baby Shark Universe,Gaming,,,0.0,,,,,
BadgerDAO,Asset management,,,0.0,90.1466275659824,Exceptional Growth,57.5,Fairly Valued,
Bahamut,,86.73,AA,,,,,,
Baki Exchange,Exchanges (DEX),,,0.0,,,,,
Balancer,Exchanges (DEX),,,49.78915794019274,72.5522044696127,Strong Growth,61.92897727272727,Fairly Valued,0.0x
Banana Gun,Infrastructure,,,0.0,69.36267514270888,Strong Growth,50.0,Fairly Valued,
Bancor,Exchanges (DEX),,,33.46962471598141,44.69622181211448,Slow Growth,45.49431818181819,Fairly Valued,0.0x
Band Protocol,,90.28,AA,,,,,,
Barnbridge,Asset management,,,0.0,73.66568914956012,Strong Growth,57.5,Fairly Valued,
Baryon,Exchanges (DEX),,,0.0,,,,,
BasePaint,NFT marketplaces,,,0.0,,,,,
BaseSwap,Exchanges (DEX),,,0.0,40.728958101594365,Slow Growth,55.0,Fairly Valued,
Baseline,Infrastructure,,,0.0,,,,,
Basic Attention Token,,91.37,AA,,,,,,
Beacon ETH,,84.26,A,,,,,,
Beam,Blockchains (L1),84.48,A,0.0,58.181818181818194,Steady Growth,50.0,Fairly Valued,
Bedrock,Liquid staking,,,0.0,,,,,
Beefy,Asset management,,,0.0,59.68914956011732,Steady Growth,45.0,Fairly Valued,
Beets,Exchanges (DEX),,,24.74094562402632,41.18094178717094,Slow Growth,40.73106060606061,Fairly Valued,0.0x
Beldex,,70.37,BB,,,,,,
BendDAO,Lending,,,0.0,37.61208576998051,Slow Growth,89.5,Undervalued,0.0x
Berachain,Blockchains (L1),87.93,AA,0.0,53.580627705627705,Steady Growth,45.0,Fairly Valued,
BetSwirl,Prediction markets,,,0.0,31.718750000000004,Slow Growth,77.77777777777779,Undervalued,0.0x
Biconomy,Infrastructure,,,0.0,57.13090295796575,Steady Growth,50.0,Fairly Valued,
Bifrost,Blockchains (L2),,,0.0,53.28021499406516,Steady Growth,,,
Big Time,,83.2,A,,,,,,
Binance Staked SOL,,70.71,BB,,,,,,
Biswap,Exchanges (DEX),,,28.737180739732462,66.92248015471738,Strong Growth,45.83806818181819,Fairly Valued,0.0x
BitDAO,Asset management,,,0.0,51.94721407624634,Steady Growth,55.0,Fairly Valued,
BitTorrent,,83.5,A,,,,,,
Bitcoin,Blockchains (L1),96.87,AAA,0.0,73.61458333333334,Strong Growth,53.148387096774194,Fairly Valued,0.0x
Bitcoin Avalanche Bridged,,65.53,BB,,,,,,
Bitcoin BEP2,,78.44,BBB,,,,,,
Bitcoin Cash,,75.38,BBB,,,,,,
Bitcoin SV,,71.66,BBB,,,,,,
Bitcoin Virtual Machine,,79.34,A,,,,,,
Bitget Token,,86.26,A,,,,,,
Bitkub,,68.27,BB,,,,,,
Bittensor,Blockchains (L1),74.18,BBB,0.0,55.0,Steady Growth,,,
Bitwise (ETHW),Asset management,,,0.0,,,,,
Black Panther,Asset management,,,0.0,25.15151515151516,Slow Growth,,,
BlackRock (BUIDL),Asset management,,,0.0,,,,,
Blackbird,Social,,,0.0,,,,,
BladeSwap,Exchanges (DEX),,,0.0,28.87300704486467,Slow Growth,50.0,Fairly Valued,
Blast,Blockchains (L2),,,30.36496380874365,77.59650708517357,Strong Growth,65.02747252747253,Fairly Valued,0.0x
Blast Bridge,Bridges,,,0.0,55.90445269016698,Steady Growth,,,
BlazeStake,,72.76,BBB,,,,,,
Blitz,Blockchains (L1),,,0.0,,,,,
Bluefin,Derivative exchanges,,,0.0,73.46938775510205,Strong Growth,,,
Blur,NFT marketplaces,88.08,AA,0.0,88.75000000000001,Exceptional Growth,88.75000000000001,Undervalued,0.0x
Boba Network,Blockchains (L2),,,0.0,57.88461538461539,Steady Growth,,,
Bonk,,85.68,A,,,,,,
BoomLand,Gaming,,,0.0,,,,,
Botto,NFT marketplaces,,,0.0,42.5,Slow Growth,50.0,Fairly Valued,
Bounce Finance,Infrastructure,,,0.0,53.94864951689031,Steady Growth,48.61111111111112,Fairly Valued,0.0x
BounceBit,Blockchains (L1),,,0.0,35.75757575757576,Slow Growth,,,
Brave,Infrastructure,,,0.0,74.00655163466527,Strong Growth,55.0,Fairly Valued,
Brett,,79.19,A,,,,,,
Bucket Protocol,Lending,,,0.0,,,,,
Buffer Finance,Derivative exchanges,,,0.0,35.486053355511494,Slow Growth,40.22222222222222,Fairly Valued,0.0x
Bungee,Bridges,,,0.0,,,,,
Burrow,Lending,,,0.0,,,,,
CORE Staking,,69.71,BB,,,,,,
COTI,Blockchains (L2),90.22,AA,0.0,86.53846153846155,Exceptional Growth,,,
Camelot,Exchanges (DEX),,,37.0107715941185,67.31728435635556,Strong Growth,65.87337662337663,Fairly Valued,0.0x
Cap,Derivative exchanges,,,,33.142303355511494,Slow Growth,67.5,Fairly Valued,0.0x
Cardano,Blockchains (L1),89.2,AA,0.0,90.9090909090909,Exceptional Growth,44.48356079404466,Fairly Valued,0.0x
Carv,Infrastructure,,,0.0,59.01238972496108,Steady Growth,55.0,Fairly Valued,
Casper,,81.17,A,,,,,,
Cat Town,Gaming,,,0.0,45.010893246187365,Steady Growth,52.0,Fairly Valued,
Catalyst,Bridges,,,0.0,,,,,
Celer Network,Infrastructure,,,0.0,56.10923715620135,Steady Growth,50.0,Fairly Valued,
Celestia,Blockchains (L1),79.94,A,0.0,53.86363636363636,Steady Growth,,,
Cellana Finance,Exchanges (DEX),,,0.0,34.13793103448276,Slow Growth,,,
Celo,Blockchains (L1),78.76,BBB,35.305556571473666,56.73683261183261,Steady Growth,72.05833333333334,Undervalued,0.0x
Celo Dollar,Stablecoin issuers,,,0.0,,,,,
Centrifuge,Blockchains (L2),,,0.0,28.965898232202576,Slow Growth,50.0,Fairly Valued,
Cetus,Exchanges (DEX),,,0.0,80.45977011494253,Exceptional Growth,,,
Chainlink,Infrastructure,92.06,AA,26.85214894352868,85.72299651567945,Exceptional Growth,30.937500000000004,Overvalued,0.0x
Cheelee,,89.6,AA,,,,,,
Cheems (cheems.pet),,74.5,BBB,,,,,,
Chia,,74.04,BBB,,,,,,
Chiliz,Blockchains (L1),89.11,AA,0.0,51.59090909090909,Steady Growth,,,
Chingari,Social,,,0.0,50.83333333333333,Steady Growth,,,
Chintai,,83.15,A,,,,,,
Circle,Stablecoin issuers,87.25,AA,76.87753988671372,,,,,
Clave,Infrastructure,,,0.0,,,,,
Clipper,Exchanges (DEX),,,40.82579379600983,41.87784406916776,Slow Growth,54.02698863636364,Fairly Valued,0.0x
Clique,Infrastructure,,,0.0,,,,,
CoW DAO,Exchanges (DEX),85.35,A,0.0,69.21655901338188,Strong Growth,32.22222222222222,Overvalued,0.0x
CoW DAO,,85.35,A,,,,,,
Coin98,Exchanges (CEX),,,0.0,,,,,
Coinally,Infrastructure,,,0.0,,,,,
Coinbase Wrapped Staked ETH,Blockchains (L2),83.04,A,64.80864859965831,100.0,Exceptional Growth,,,
Coinbase Wrapped Staked ETH,Liquid staking,83.04,A,0.0,,,,,
Coinbase Wrapped Staked Ether,Liquid staking,,,0.0,,,,,
Coinshift,Stablecoin issuers,,,0.0,,,,,
Colony,Infrastructure,,,0.0,27.851907109496626,Slow Growth,50.0,Fairly Valued,
Compound,Lending,91.56,AA,32.43084976560476,79.99756335282652,Strong Growth,42.69531250000001,Fairly Valued,0.0x
Conflux Core Space,Blockchains (L1),,,0.0,36.4983164983165,Slow Growth,5.681818181818182,Overvalued,0.0x
Conflux Network,Blockchains (L1),82.88,A,0.0,36.4983164983165,Slow Growth,5.681818181818182,Overvalued,0.0x
Constellation,,80.81,A,,,,,,
Convex Finance,Asset management,85.76,A,52.4706371470804,94.95356793743892,Exceptional Growth,62.767857142857146,Fairly Valued,0.0x
Core DAO,,89.14,AA,,,,,,
Coreum,Blockchains (L1),,,0.0,15.151515151515154,Stagnant/Declining,,,
Cosmos,Blockchains (L1),94.25,AAA,26.157892238239448,55.0,Steady Growth,36.34943181818181,Overvalued,0.0x
Cosmos Hub,Blockchains (L1),,,26.157892238239448,55.0,Steady Growth,36.34943181818181,Overvalued,0.0x
Creditcoin,,89.74,AA,,,,,,
Cronos,Blockchains (L1),92.41,AA,0.0,58.11447811447811,Steady Growth,75.9805718475073,Undervalued,0.0x
Crust Network,Blockchains (L2),,,0.0,47.42116579073102,Steady Growth,50.0,Fairly Valued,
Cryptex,Asset management,,,11.430996091177656,59.46396933040078,Steady Growth,25.17857142857143,Overvalued,0.0x
Curve DAO Token,,89.29,AA,,,,,,
Curve DAO Token,Exchanges (DEX),89.29,AA,56.84522301549867,80.46152922439074,Exceptional Growth,50.34801136363637,Fairly Valued,0.0x
Curve Stablecoin,,82.46,A,,,,,,
Cygnus Finance,Infrastructure,,,0.0,,,,,
DFX Finance,Exchanges (DEX),,,0.0,13.774985674318266,Stagnant/Declining,19.375,Overvalued,0.0x
DIN (ex Web3Go),Infrastructure,,,0.0,,,,,
DODO,Exchanges (DEX),,,47.69027388994144,70.11326768800352,Strong Growth,48.14630681818182,Fairly Valued,0.0x
DOG,Blockchains (L1),57.47,B,0.0,93.93939393939394,Exceptional Growth,31.92082111436949,Overvalued,0.0x
DOG•GO•TO•THE•MOON,,49.86,CC,,,,,,
DYORSWAP,Exchanges (DEX),,,0.0,,,,,
Dai,,87.34,AA,,,,,,
Dai,Infrastructure,87.34,AA,0.0,45.902309289050336,Steady Growth,50.0,Fairly Valued,
Darwinia Network,Blockchains (L2),,,0.0,38.50515437637654,Slow Growth,50.0,Fairly Valued,
Dash,,74.48,BBB,,,,,,
DeDust,Exchanges (DEX),,,0.0,,,,,
DeFi Saver,Infrastructure,,,1.9493315945355971,,,,,
DeGate,Exchanges (DEX),,,0.0,32.55320726733408,Slow Growth,45.0,Fairly Valued,
DeSo,Blockchains (L1),,,0.0,25.151515151515152,Slow Growth,60.0,Fairly Valued,
DeXe Protocol,,85.74,A,,,,,,
Decentral Games,Gaming,,,0.0,32.4400871459695,Slow Growth,52.5,Fairly Valued,
Decentraland,,85.87,A,,,,,,
Decred,,69.02,BB,,,,,,
DeepBook,,70.31,BB,,,,,,
Definitive,Derivative exchanges,,,0.0,,,,,
Degen,Blockchains (L3),,,0.0,0.0,Stagnant/Declining,45.0,Fairly Valued,
Deri Protocol,Derivative exchanges,,,,45.48431402341501,Steady Growth,23.769841269841272,Overvalued,0.0x
Derivio,Derivative exchanges,,,0.0,,,,,
Destra Network,,76.17,BBB,,,,,,
Dexalot,Exchanges (DEX),,,0.0,53.07007786429366,Steady Growth,52.0,Fairly Valued,
DigiByte,,75.13,BBB,,,,,,
Dinero,Liquid staking,,,0.0,8.705882352941178,Stagnant/Declining,45.0,Fairly Valued,
Dmail Network,Infrastructure,,,0.0,51.214971458225214,Steady Growth,52.0,Fairly Valued,
Dogecoin,Blockchains (L1),87.83,AA,0.0,93.93939393939394,Exceptional Growth,31.92082111436949,Overvalued,0.0x
Dohrnii,,80.13,A,,,,,,
DojoSwap,Exchanges (DEX),,,0.0,20.344827586206897,Stagnant/Declining,,,
Dolomite,Lending,,,0.0,,,,,
Dopex,Derivative exchanges,,,0.0,41.5893696820421,Slow Growth,51.85526315789474,Fairly Valued,
Drift Protocol,Derivative exchanges,86.6,AA,0.0,95.91836734693877,Exceptional Growth,,,
Dymension,Blockchains (L1),,,0.0,65.22727272727272,Strong Growth,,,
Dypius,Infrastructure,,,0.0,35.932472755578615,Slow Growth,45.0,Fairly Valued,
EOS Network,,92.09,AA,,,,,,
ERA Name Service,Infrastructure,,,0.0,16.722560975609756,Stagnant/Declining,52.0,Fairly Valued,
ERAGON,Gaming,,,0.0,,,,,
EYWA,Bridges,,,0.0,,,,,
Echelon Market,Lending,,,0.0,,,,,
Echelon Prime,Infrastructure,71.91,BBB,0.0,61.07161390762844,Steady Growth,52.0,Fairly Valued,
Echelon Prime Foundation,Infrastructure,,,0.0,61.07161390762844,Steady Growth,52.0,Fairly Valued,
Echo Protocol,Asset management,,,0.0,,,,,
Eclipse,Blockchains (L2),,,0.0,,,,,
Econia,Exchanges (DEX),,,0.0,,,,,
Efi Hub,Gaming,,,0.0,,,,,
Eggs Finance,Asset management,,,0.0,75.6852394916911,Strong Growth,50.0,Fairly Valued,
EigenLayer,Liquid staking,90.03,AA,0.0,87.64705882352942,Exceptional Growth,55.0,Fairly Valued,
Eigenpie,Liquid staking,,,0.0,,,,,
Ekubo Protocol,Exchanges (DEX),,,0.0,63.189655172413794,Steady Growth,,,
Element,NFT marketplaces,,,0.0,,,,,
Ellipsis Finance,Exchanges (DEX),,,0.0,,,,,
Emojicoin.fun,Exchanges (DEX),,,0.0,,,,,
Energy Web X,Blockchains (L2),,,0.0,48.943599954052914,Steady Growth,,,
Enjin,,91.16,AA,,,,,,
Entangle,Stablecoin issuers,73.67,BBB,28.18419007292008,49.52380952380952,Steady Growth,41.80803571428572,Fairly Valued,0.0x
Entangle,,73.67,BBB,,,,,,
Enzyme Finance,Asset management,,,0.0,78.63196480938419,Strong Growth,52.0,Fairly Valued,
Equalizer Exchange,Exchanges (DEX),,,11.935898594579324,24.451758266761047,Stagnant/Declining,92.46969696969695,Undervalued,0.0x
Ethena,Stablecoin issuers,90.55,AA,58.22851700086348,85.625,Exceptional Growth,65.07440476190477,Fairly Valued,0.0x
Ethena,Exchanges (DEX),90.55,AA,57.15610750876476,80.8611946775879,Exceptional Growth,76.46969696969697,Undervalued,0.0x
Ether.Fi,Liquid staking,80.58,A,0.0,68.38848039215686,Strong Growth,55.0,Fairly Valued,
Ethereum,Blockchains (L1),96.23,AAA,26.402623193032213,80.74585137085137,Exceptional Growth,62.93269230769231,Fairly Valued,0.0x
Ethereum Attestation Service,Infrastructure,,,0.0,,,,,
Ethereum Classic,,77.53,BBB,,,,,,
Ethereum Name Service,Infrastructure,85.38,A,0.0,84.67393184570145,Exceptional Growth,45.99999999999999,Fairly Valued,
EthereumPoW,,71.78,BBB,,,,,,
Ethervista,Exchanges (DEX),,,0.0,58.962736373748605,Steady Growth,50.0,Fairly Valued,
Euler,Lending,84.43,A,0.0,61.46686159844056,Steady Growth,60.53571428571429,Fairly Valued,0.0x
Euro Coin,,80.74,A,,,,,,
Europe Fantasy League,Gaming,,,0.0,16.127450980392155,Stagnant/Declining,50.0,Fairly Valued,
Everclear,Bridges,,,0.0,40.05681818181817,Slow Growth,24.107142857142858,Overvalued,0.0x
Everyworld,Infrastructure,,,0.0,10.793980280228332,Stagnant/Declining,45.0,Fairly Valued,
Evmos,Blockchains (L1),,,0.0,26.666666666666664,Slow Growth,,,
Exactly Protocol,Lending,,,0.0,36.582602339181285,Slow Growth,50.0,Fairly Valued,
Extra Finance,Lending,,,0.0,48.03728070175438,Steady Growth,50.0,Fairly Valued,
FD121 Limited,Stablecoin issuers,,,0.0,,,,,
FDUSD,,88.08,AA,,,,,,
FTX,NFT marketplaces,44.3,C,0.0,34.583333333333336,Slow Growth,56.25000000000001,Fairly Valued,0.0x
Fableborne,Gaming,,,0.0,,,,,
Falcon Finance,,64.72,BB,,,,,,
Fantasy,Gaming,,,0.0,,,,,
Fartcoin,,66.08,BB,,,,,,
Fei Protocol,,48.63,CC,,,,,,
Fellaz,,74.92,BBB,,,,,,
Fenix,Exchanges (DEX),,,0.0,23.083426028921025,Stagnant/Declining,45.0,Fairly Valued,
Fetch.ai,,92.88,AA,,,,,,
Fibrous,Exchanges (DEX),,,0.0,,,,,
Filecoin,Blockchains (L1),86.39,A,22.236848055760632,64.0909090909091,Steady Growth,29.43181818181818,Overvalued,0.0x
Flare,,74.54,BBB,,,,,,
Flashbots,Infrastructure,,,0.0,50.83333333333333,Steady Growth,,,
Flexa,,62.27,B,,,,,,
Floki,,91.93,AA,,,,,,
FlokiFi,,88.72,AA,,,,,,
Flow,Blockchains (L1),84.91,A,0.0,43.63636363636364,Slow Growth,,,
FlowX Finance,Exchanges (DEX),,,0.0,26.091954022988507,Slow Growth,,,
Fluid,Lending,,,43.228796453893736,74.63084795321639,Strong Growth,62.78125000000001,Fairly Valued,0.0x
Fluxbeam,Exchanges (DEX),,,0.0,,,,,
Folks Finance,Lending,,,0.0,,,,,
Forgotten Runiverse,Gaming,,,0.0,,,,,
Foundation,NFT marketplaces,,,22.291658391851808,55.0,Steady Growth,,,
Four,,70.31,BB,,,,,,
Fragmetric,Liquid staking,,,0.0,,,,,
Franklin Templeton (FOBXX),Asset management,,,0.0,,,,,
Frax,Blockchains (L2),85.71,A,0.0,,,,,
Frax Finance - Frax Ether,Liquid staking,62.68,B,43.881970856862736,36.66666666666667,Slow Growth,,,
Frax Finance - Frax Ether,,62.68,B,,,,,,
Frax Share,,83.1,A,,,,,,
Frax Stablecoin,Stablecoin issuers,,,0.0,,,,,
Frax Staked Ether,,67.69,BB,,,,,,
Fraxlend,Lending,,,0.0,41.18421052631579,Slow Growth,,,
Fraxtal,Blockchains (L2),,,0.0,,,,,
Fren Pet,Gaming,,,0.0,50.1797385620915,Steady Growth,52.0,Fairly Valued,
Frequency,Blockchains (L2),,,0.0,32.36546651180798,Slow Growth,,,
Freysa,,65.36,BB,,,,,,
Fuel Ignition,Blockchains (L2),,,0.0,49.59627329192547,Steady Growth,50.0,Fairly Valued,
Fuul Protocol,Infrastructure,,,0.0,,,,,
GMX,Derivative exchanges,91.92,AA,50.319127872574335,95.64567206192824,Exceptional Growth,75.34722222222221,Undervalued,0.0x
Gains Network,Derivative exchanges,,,0.0,70.17810760667903,Strong Growth,52.0,Fairly Valued,
Gala Games,,89.15,AA,,,,,,
Galxe,Infrastructure,,,0.0,,,,,
Gamic,Infrastructure,,,0.0,,,,,
Gamma Strategies,Asset management,,,22.3638589499679,60.570931085044,Steady Growth,87.50000000000001,Undervalued,0.0x
Garden Finance,Bridges,,,0.0,0.0,Stagnant/Declining,45.0,Fairly Valued,
Gas,,61.62,B,,,,,,
GateToken,,88.55,AA,,,,,,
Gearbox,Lending,,,24.165608219299408,39.782529239766085,Slow Growth,40.90625000000001,Fairly Valued,0.0x
Gemini,Stablecoin issuers,,,0.0,,,,,
Getgems,NFT marketplaces,,,0.0,,,,,
Gigachad,,70.48,BB,,,,,,
Gitcoin,Infrastructure,,,0.0,60.18649455111572,Steady Growth,52.5,Fairly Valued,
Glo Dollar,Stablecoin issuers,,,0.0,,,,,
Global Dollar Network,Stablecoin issuers,,,0.0,,,,,
Gnosis,Blockchains (L1),84.77,A,0.0,40.53518377047789,Slow Growth,28.954326923076923,Overvalued,0.0x
GoMining,,91.49,AA,,,,,,
Goat Protocol,Asset management,,,0.0,12.12121212121212,Stagnant/Declining,,,
GoldPro Token,,74.73,BBB,,,,,,
Goldfinch,Lending,,,31.438592058525277,39.736842105263165,Slow Growth,17.9375,Overvalued,0.0x
Golem,,86.35,A,,,,,,
GoodDollar,Infrastructure,,,0.0,6.382978723404254,Stagnant/Declining,45.0,Fairly Valued,
Gram,ERC20 Tokens,,,0.0,100.0,Exceptional Growth,,,
Grass,,76.37,BBB,,,,,,
Gravity,Blockchains (L2),85.13,A,33.303054003849226,81.36211567178466,Exceptional Growth,71.04395604395604,Undervalued,0.0x
Gravity Alpha Mainnet,Blockchains (L2),,,33.303054003849226,81.36211567178466,Exceptional Growth,71.04395604395604,Undervalued,0.0x
Guild of Guardians,Gaming,,,0.0,49.803921568627445,Steady Growth,50.0,Fairly Valued,
Gyroscope (Gyro Finance),Stablecoin issuers,,,0.0,,,,,
HMX,Derivative exchanges,,,40.96215837196279,45.89105783379183,Steady Growth,74.65277777777779,Undervalued,0.0x
HOT Protocol,Gaming,,,0.0,,,,,
Hamster Kombat,,75.53,BBB,,,,,,
Harmony,Blockchains (L1),78.97,BBB,0.0,,,,,
Hashflow,Exchanges (DEX),,,0.0,55.76828841810767,Steady Growth,35.0,Overvalued,0.0x
Hedera,Blockchains (L1),75.69,BBB,0.0,78.78787878787878,Strong Growth,,,
Hedgey Finance,Infrastructure,,,0.0,,,,,
Hegic,Derivative exchanges,,,54.79070870679547,56.719839581600674,Steady Growth,60.29166666666668,Fairly Valued,0.0x
Helium,Infrastructure,,,53.575124466986615,51.01063829787234,Steady Growth,64.64285714285715,Fairly Valued,0.0x
Helix,Exchanges (DEX),,,0.0,,,,,
Hercules,Exchanges (DEX),,,0.0,23.79310344827586,Stagnant/Declining,,,
Hinkal Protocol,Bridges,,,0.0,,,,,
Hippo Labs,Exchanges (DEX),,,0.0,,,,,
Hive,,73.15,BBB,,,,,,
Hivemapper,,77.84,BBB,,,,,,
Holdstation,Derivative exchanges,,,17.760285004271626,70.3653597018745,Strong Growth,45.59027777777778,Fairly Valued,0.0x
Homora,Lending,,,0.0,73.68421052631578,Strong Growth,55.0,Fairly Valued,
Hook,Blockchains (L3),,,0.0,,,,,
Hooked Protocol,Social,,,0.0,81.48148148148148,Exceptional Growth,55.0,Fairly Valued,
Hop Protocol,Bridges,,,10.915853513560124,79.54545454545455,Strong Growth,86.87500000000001,Undervalued,0.0x
Horizen,,87.28,AA,,,,,,
Houdini Swap,Exchanges (DEX),,,35.93598183098257,40.2825361512792,Slow Growth,60.39772727272727,Fairly Valued,0.0x
HunnyFinance,Asset management,,,0.0,27.239002932551323,Slow Growth,52.0,Fairly Valued,
Hydration,Blockchains (L2),,,0.0,47.47824692728874,Steady Growth,,,
Hydro Protocol,Liquid staking,,,0.0,27.647058823529413,Slow Growth,,,
Hyperbridge,Blockchains (L2),,,0.0,19.98354626403407,Stagnant/Declining,,,
Hyperlane,Bridges,,,0.0,,,,,
Hyperliquid,Derivative exchanges,82.06,A,0.0,100.0,Exceptional Growth,,,
Hyperliquid,Blockchains (L2),82.06,A,0.0,36.92307692307692,Slow Growth,,,
Hypr,Blockchains (L2),,,0.0,,,,,
ICHI,Asset management,,,0.0,25.12609970674487,Slow Growth,45.0,Fairly Valued,
IDEX,Exchanges (DEX),,,0.0,70.77011494252874,Strong Growth,31.0,Overvalued,0.0x
IO.net,Infrastructure,,,0.0,76.59574468085107,Strong Growth,,,
IOTA,,74.39,BBB,,,,,,
IPMB,Asset management,,,0.0,51.65395894428153,Steady Growth,45.0,Fairly Valued,
IPOR Protocol,Derivative exchanges,,,23.52651645101508,39.93004686200499,Slow Growth,39.01909722222223,Overvalued,0.0x
Idle Finance,Asset management,,,0.0,14.154936461388075,Stagnant/Declining,50.0,Fairly Valued,
Illuvium,Gaming,,,0.0,88.45315904139433,Exceptional Growth,55.0,Fairly Valued,
ImmortalX,Derivative exchanges,,,0.0,,,,,
Immutable X,,90.06,AA,,,,,,
Immutable X,Blockchains (L2),90.06,AA,62.73696331707027,90.02038225560229,Exceptional Growth,92.6153846153846,Undervalued,0.0x
Impermax Finance,Asset management,,,0.0,17.6969696969697,Stagnant/Declining,45.0,Fairly Valued,
Impossible Finance,Infrastructure,,,0.0,20.638297872340424,Stagnant/Declining,,,
Index Cooperative,Asset management,,,41.69345088455628,60.26484604105573,Steady Growth,52.32589285714286,Fairly Valued,0.0x
Infrared Finance,Liquid staking,,,0.0,,,,,
Injective,Blockchains (L1),83.9,A,49.72054028597943,64.14820473644002,Steady Growth,81.10576923076923,Undervalued,0.0x
Injera,Stablecoin issuers,,,0.0,,,,,
Instadapp,,82.45,A,,,,,,
Integral,Exchanges (DEX),,,42.29887048257745,16.09936967000371,Stagnant/Declining,71.8939393939394,Undervalued,0.0x
InterCrone Swap,Exchanges (DEX),,,0.0,,,,,
Interlay,Blockchains (L2),,,0.0,33.93259179844545,Slow Growth,,,
Internet Computer,Blockchains (L1),88.3,AA,34.99216143098731,74.21487603305783,Strong Growth,91.1931818181818,Undervalued,0.0x
Invarch,Blockchains (L2),,,0.0,28.96631823461092,Slow Growth,,,
Inverse Finance,Stablecoin issuers,,,0.0,,,,,
IoTeX,,90.76,AA,,,,,,
Ionic Protocol,Lending,,,0.0,38.94736842105263,Slow Growth,,,
JOJO,Derivative exchanges,,,0.0,29.47773654916512,Slow Growth,52.0,Fairly Valued,
JPool Staked SOL (JSOL),,64.78,BB,,,,,,
JUST,Lending,68.5,BB,0.0,90.13157894736842,Exceptional Growth,55.0,Fairly Valued,
Jasmy,,83.63,A,,,,,,
Jito Labs,,82.52,A,,,,,,
Jito Labs,Liquid staking,82.52,A,40.57981264730388,92.94117647058825,Exceptional Growth,52.91666666666667,Fairly Valued,0.0x
Juice Finance,Asset management,,,0.0,51.5366568914956,Steady Growth,55.0,Fairly Valued,
Jumbo Exchange,Exchanges (DEX),,,0.0,6.896551724137932,Stagnant/Declining,,,
Jupiter Exchange,,89.26,AA,,,,,,
Jupiter Exchange,Exchanges (DEX),89.26,AA,0.0,95.40229885057472,Exceptional Growth,,,
JustLend,Lending,87.52,AA,0.0,90.13157894736842,Exceptional Growth,55.0,Fairly Valued,
JustLend DAO,Lending,,,0.0,90.13157894736842,Exceptional Growth,55.0,Fairly Valued,
KAI-CHING,Gaming,,,0.0,,,,,
KAP Games,Gaming,,,0.0,33.88888888888888,Slow Growth,74.44444444444446,Undervalued,0.0x
KGen,Gaming,,,0.0,,,,,
Kadena,Blockchains (L1),,,0.0,31.21212121212121,Slow Growth,,,
Kage Finance,Derivative exchanges,,,0.0,20.20408163265306,Stagnant/Declining,,,
Kaia (prev. Klaytn & Finschia),,84.85,A,,,,,,
Kaito,Infrastructure,84.19,A,0.0,85.92371562013491,Exceptional Growth,55.0,Fairly Valued,
Kamino,Lending,,,0.0,78.94736842105263,Strong Growth,,,
Kana,Exchanges (DEX),,,0.0,,,,,
Karak,Blockchains (L2),,,0.0,,,,,
Karura,Blockchains (L1),,,2.093756615479769,6.0606060606060606,Stagnant/Declining,14.903846153846152,Overvalued,0.0x
Kaspa,,84.19,A,,,,,,
Katana,Exchanges (DEX),,,34.76674251409991,75.0,Strong Growth,,,
Kava,,90.1,AA,,,,,,
Keep,,88.02,AA,,,,,,
Kiln,Liquid staking,,,0.0,,,,,
KiloEx,Derivative exchanges,,,0.0,,,,,
Kilt,Blockchains (L2),,,0.0,32.67706378986866,Slow Growth,,,
Kinesis Money,Derivative exchanges,62.27,B,0.0,44.65445269016698,Slow Growth,50.0,Fairly Valued,
Kinesis Money,,62.27,B,,,,,,
Kleros,Infrastructure,,,0.0,29.23975090814738,Slow Growth,49.72222222222223,Fairly Valued,0.0x
KlimaDAO,Infrastructure,,,0.0,36.0738842760768,Slow Growth,52.0,Fairly Valued,
Kodiak Finance,Exchanges (DEX),,,0.0,,,,,
Koi Finance,Exchanges (DEX),,,0.0,22.71264367816092,Stagnant/Declining,45.0,Fairly Valued,
Kroma Network,Blockchains (L2),,,0.0,,,,,
KuCoin Token,,83.66,A,,,,,,
Kusama,Blockchains (L1),,,20.89199337228766,20.56198142135642,Stagnant/Declining,49.21875,Fairly Valued,0.0x
Kwenta,Derivative exchanges,,,0.0,50.46015330113237,Steady Growth,61.102941176470594,Fairly Valued,0.0x
KyberSwap,Exchanges (DEX),,,0.0,76.79375442410759,Strong Growth,63.11363636363637,Fairly Valued,0.0x
LCX,,85.28,A,,,,,,
LFJ,Exchanges (DEX),,,42.24054203409128,76.7520519432366,Strong Growth,64.5596590909091,Fairly Valued,0.0x
LI.FI,Infrastructure,,,0.0,,,,,
LUKSO,Blockchains (L1),,,0.0,9.090909090909092,Stagnant/Declining,,,
Lagoon,Asset management,,,0.0,,,,,
Lagrange,Infrastructure,,,0.0,,,,,
Lava Network,Blockchains (L1),,,0.0,20.60606060606061,Stagnant/Declining,,,
Layer3,Infrastructure,,,46.27089996011394,75.34213062495367,Strong Growth,92.85714285714286,Undervalued,0.0x
LayerZero,,90.07,AA,,,,,,
Layerswap,Bridges,,,0.0,,,,,
Lens Protocol,Social,,,0.0,0.0,Stagnant/Declining,,,
Levana,Derivative exchanges,,,0.0,75.51020408163265,Strong Growth,,,
Level Finance,Derivative exchanges,,,14.076985216916428,53.56381149638539,Steady Growth,51.84375000000001,Fairly Valued,0.0x
Lido DAO,,92.06,AA,,,,,,
Lido DAO,Liquid staking,92.06,AA,62.60100053261692,79.24632352941175,Strong Growth,70.40625000000001,Undervalued,0.0x
Lido Staked ETH,,88.73,AA,,,,,,
Lido wstETH,,84.49,A,,,,,,
Lifinity,Exchanges (DEX),,,0.0,36.43678160919541,Slow Growth,,,
Lighter,Exchanges (DEX),,,0.0,18.181818181818183,Stagnant/Declining,,,
Limitless,Prediction markets,,,0.0,,,,,
Linea,Blockchains (L2),,,0.0,,,,,
Liquid Collective,Liquid staking,,,0.0,30.0,Slow Growth,,,
Liquid Staked ETH,,69.28,BB,,,,,,
Liquidswap,Exchanges (DEX),,,0.0,55.43103448275863,Steady Growth,,,
Liquity,Stablecoin issuers,,,56.19766082534869,65.0,Strong Growth,48.88839285714286,Fairly Valued,0.0x
Lisk,Blockchains (L2),,,0.0,57.4295269947444,Steady Growth,45.0,Fairly Valued,
Lista DAO,Stablecoin issuers,,,0.0,,,,,
Litecoin,Blockchains (L1),83.71,A,0.0,84.84848484848484,Exceptional Growth,38.16222084367246,Overvalued,0.0x
Litentry,Blockchains (L2),,,0.0,22.55829354235372,Stagnant/Declining,45.0,Fairly Valued,
Livepeer,Infrastructure,78.4,BBB,0.0,85.63829787234042,Exceptional Growth,56.60714285714286,Fairly Valued,0.0x
LogX,Derivative exchanges,,,0.0,,,,,
Lombard,Liquid staking,83.72,A,0.0,,,,,
LooksRare,NFT marketplaces,,,0.0,57.81250000000001,Steady Growth,25.55555555555556,Overvalued,0.0x
Loopring,Exchanges (DEX),,,0.0,84.91657397107898,Exceptional Growth,58.33333333333332,Fairly Valued,
Lybra Finance,Stablecoin issuers,,,0.0,63.60119047619047,Steady Growth,60.0,Fairly Valued,
Lynex,Exchanges (DEX),,,0.0,51.12068965517242,Steady Growth,,,
MANTRA,Blockchains (L1),86.22,A,0.0,49.280303030303024,Steady Growth,45.0,Fairly Valued,
MELANIA,,50.0,CC,,,,,,
MELD,Blockchains (L1),,,0.0,0.0,Stagnant/Declining,,,
MOG Coin,,71.29,BB,,,,,,
MOOAR,NFT marketplaces,,,0.0,,,,,
MUX,Derivative exchanges,,,31.49169524545232,54.74643736805068,Steady Growth,64.91071428571429,Fairly Valued,0.0x
MX TOKEN,,77.08,BBB,,,,,,
MYX.Finance,Derivative exchanges,,,0.0,,,,,
M^0,Stablecoin issuers,,,0.0,,,,,
Magic Eden,NFT marketplaces,91.24,AA,0.0,100.0,Exceptional Growth,,,
Magpie XYZ,Asset management,,,0.0,68.83870967741936,Strong Growth,52.0,Fairly Valued,
Manifold.xyz,NFT marketplaces,,,0.0,,,,,
Mansa Finance,Lending,,,0.0,,,,,
Manta,Blockchains (L2),,,36.557992817136686,63.147381515621184,Steady Growth,47.76190476190476,Fairly Valued,0.0x
Mantle LSP,,84.66,A,,,,,,
Mantle Network,Blockchains (L2),86.19,A,0.0,89.472049689441,Exceptional Growth,52.0,Fairly Valued,
Maple Finance,Lending,92.39,AA,54.32192715059285,63.62573099415204,Steady Growth,56.830357142857146,Fairly Valued,0.0x
Marinade Staked SOL,,77.42,BBB,,,,,,
Marinade Staked SOL,Liquid staking,77.42,BBB,0.0,65.11764705882352,Strong Growth,,,
Mars Protocol,Blockchains (L1),,,0.0,3.0303030303030303,Stagnant/Declining,,,
Maverick Protocol,Exchanges (DEX),,,0.0,65.4337837496208,Strong Growth,30.390625000000004,Overvalued,0.0x
Mean Finance,Exchanges (DEX),,,10.694342498423673,,,,,
Mellow Protocol,Infrastructure,,,0.0,,,,,
Membrane Finance,Stablecoin issuers,,,0.0,,,,,
Mendi Finance,Lending,,,0.0,31.052631578947363,Slow Growth,,,
Mento,Stablecoin issuers,,,0.0,,,,,
Mereo,Social,,,0.0,,,,,
Meridian,Stablecoin issuers,,,0.0,23.928571428571427,Stagnant/Declining,45.0,Fairly Valued,
Merkle Trade,Derivative exchanges,,,43.99207475840234,52.532421835729366,Steady Growth,90.87301587301587,Undervalued,0.0x
Merkly,Bridges,,,0.0,,,,,
Merlin Chain,Blockchains (L2),,,0.0,69.42307692307692,Strong Growth,,,
Meso Finance,Lending,,,0.0,,,,,
Meta Pool DAO,Liquid staking,,,0.0,11.76470588235294,Stagnant/Declining,,,
MetaDAO,Infrastructure,,,0.0,24.8936170212766,Stagnant/Declining,,,
MetaMask,Exchanges (DEX),,,0.0,81.81818181818183,Exceptional Growth,,,
Metal,Blockchains (L2),,,0.0,54.435618729096994,Steady Growth,52.0,Fairly Valued,
Metaplex,NFT marketplaces,78.27,BBB,0.0,77.77777777777779,Strong Growth,,,
Metavault.Trade,Derivative exchanges,,,0.0,45.43967116627216,Steady Growth,37.142857142857146,Overvalued,0.0x
Meteor Wallet,Infrastructure,,,0.0,,,,,
Meteora,Exchanges (DEX),,,0.0,,,,,
Metis,Blockchains (L2),,,0.0,66.53846153846155,Strong Growth,,,
Metropolis,Exchanges (DEX),,,0.0,62.721542454579165,Steady Growth,45.0,Fairly Valued,
Micro3,Social,,,0.0,,,,,
Midas,Asset management,,,0.0,,,,,
MimbleWimbleCoin,,60.19,B,,,,,,
Mimic,Infrastructure,,,0.0,,,,,
Mina Protocol,Blockchains (L1),80.76,A,0.0,28.089225589225588,Slow Growth,23.839950372208435,Overvalued,0.0x
Mint Blockchain,Blockchains (L2),,,0.0,,,,,
Mint Club,Infrastructure,,,0.0,,,,,
Mito Finance,Asset management,,,0.0,,,,,
Mocaverse,Exchanges (DEX),85.15,A,27.030231384788603,40.23071721104258,Slow Growth,29.131155303030305,Overvalued,0.0x
Mocaverse,,85.15,A,,,,,,
Mode Network,Blockchains (L2),,,0.0,61.870883907033736,Steady Growth,,,
Mole,Asset management,,,0.0,,,,,
Monerium,Stablecoin issuers,,,0.0,,,,,
Monero,,74.55,BBB,,,,,,
Moola Market,Lending,,,0.0,21.297514619883035,Stagnant/Declining,50.0,Fairly Valued,
Moonbeam,Blockchains (L2),,,0.0,63.06155952061874,Steady Growth,,,
Moonwell,Lending,,,42.359734228324896,75.56390977443608,Strong Growth,58.60576923076924,Fairly Valued,0.0x
Morpho,Lending,93.26,AA,0.0,81.08004385964914,Exceptional Growth,84.07142857142858,Undervalued,0.0x
MorphoAave,,78.98,BBB,,,,,,
Mountain Protocol,Stablecoin issuers,,,0.0,,,,,
Movement Labs,Blockchains (L1),84.71,A,0.0,89.39393939393939,Exceptional Growth,,,
Movement Labs,,84.71,A,,,,,,
MultiversX,Blockchains (L1),83.43,A,30.99086041551533,52.53787878787879,Steady Growth,53.08238636363636,Fairly Valued,0.0x
Mummy Finance,Derivative exchanges,,,10.67366478037054,48.53448275862069,Steady Growth,,,
MyShell,Infrastructure,,,0.0,,,,,
MySwap,Exchanges (DEX),,,0.0,,,,,
Mythos,Blockchains (L2),71.34,BB,0.0,60.21319925718879,Steady Growth,,,
NAVI Protocol,Lending,,,0.0,97.36842105263158,Exceptional Growth,,,
NEAR Protocol,Blockchains (L1),90.96,AA,45.6083744084649,34.00568181818182,Slow Growth,49.32692307692307,Fairly Valued,0.0x
NEM,,61.28,B,,,,,,
NFTX,NFT marketplaces,,,0.0,34.583333333333336,Slow Growth,56.25000000000001,Fairly Valued,0.0x
Nano,,86.57,AA,,,,,,
Navigator,Derivative exchanges,,,0.0,56.82560296846012,Steady Growth,45.0,Fairly Valued,
Nearlend DAO,Lending,,,0.0,,,,,
Neo,,78.3,BBB,,,,,,
Neptune Finance,Lending,,,0.0,,,,,
Nervos Network,,80.63,A,,,,,,
NeuroWeb,Blockchains (L2),,,0.0,33.57607114140215,Slow Growth,,,
Nexo,,78.12,BBB,,,,,,
Nexus Mutual,Insurance,,,34.314439797837025,,,,,
Nibiru,Blockchains (L1),,,0.0,18.181818181818183,Stagnant/Declining,,,
Nile Exchange,Exchanges (DEX),,,0.0,31.83908045977012,Slow Growth,,,
Nillion,Blockchains (L1),,,0.0,81.81818181818183,Exceptional Growth,,,
Ninja Blaze,Gaming,,,0.0,,,,,
NinjaVault,Asset management,,,0.0,,,,,
Nodle,Blockchains (L2),,,0.0,29.314763643037764,Slow Growth,52.0,Fairly Valued,
Nostra,Lending,,,0.0,38.57212475633528,Slow Growth,45.0,Fairly Valued,
Notcoin,,85.92,A,,,,,,
Notional Finance,Lending,,,0.0,17.975146198830412,Stagnant/Declining,22.22222222222222,Overvalued,0.0x
Nouns DAO,Asset management,,,0.0,,,50.0,Fairly Valued,
Numerai,Asset management,,,0.0,88.36754643206255,Exceptional Growth,55.0,Fairly Valued,
OFFICIAL TRUMP,,75.89,BBB,,,,,,
OKB,,92.69,AA,,,,,,
OP Mainnet,Blockchains (L2),,,52.06600120572876,89.78010324775966,Exceptional Growth,48.47619047619048,Fairly Valued,0.0x
ORBLER,,48.62,CC,,,,,,
ORDI(BRC-20),,50.8,CC,,,,,,
OUSG,,67.8,BB,,,,,,
Oasis Network,,80.85,A,,,,,,
Ocean Protocol,Infrastructure,,,0.0,39.72269071094966,Slow Growth,52.0,Fairly Valued,
Octopus Network,Asset management,,,0.0,52.59824046920821,Steady Growth,45.0,Fairly Valued,
Odos,Exchanges (DEX),,,0.0,,,,,
Olympus,,69.93,BB,,,,,,
OmniBTC (OmniSwap),Exchanges (DEX),,,0.0,,,,,
Ondo Finance,Asset management,87.5,AA,0.0,100.0,Exceptional Growth,55.0,Fairly Valued,
Ontology,,83.48,A,,,,,,
Onyx Protocol,,86.3,A,,,,,,
OpenChat,Social,,,31.713175130262343,90.31746031746032,Exceptional Growth,88.8888888888889,Undervalued,
OpenLeverage,Derivative exchanges,,,0.0,48.285714285714285,Steady Growth,45.0,Fairly Valued,
OpenOcean,Exchanges (DEX),,,0.0,49.75973303670746,Steady Growth,50.0,Fairly Valued,
OpenSea,NFT marketplaces,,,28.24235782237205,100.0,Exceptional Growth,,,
Openbook,Exchanges (DEX),,,0.0,,,,,
Optimism,Bridges,92.93,AA,0.0,75.9647495361781,Strong Growth,,,
Optimism Gateway,Bridges,,,0.0,75.9647495361781,Strong Growth,,,
Optopia,Blockchains (L2),,,0.0,22.252747252747252,Stagnant/Declining,45.0,Fairly Valued,
Opus,Stablecoin issuers,,,0.0,40.9375,Slow Growth,,,
Opyn,Derivative exchanges,,,0.0,48.63734326018809,Steady Growth,52.0,Fairly Valued,
Orbiter Finance,Bridges,,,0.0,,,,,
Orca,Exchanges (DEX),75.05,BBB,0.0,93.10344827586206,Exceptional Growth,50.0,Fairly Valued,
Orderly Network,Derivative exchanges,,,0.0,80.76066790352505,Exceptional Growth,55.0,Fairly Valued,
OriginTrail,Stablecoin issuers,70.57,BB,41.770573128435935,71.47321428571428,Strong Growth,54.12202380952381,Fairly Valued,0.0x
OriginTrail,,70.57,BB,,,,,,
Osmosis,Exchanges (DEX),,,0.0,47.34885803851322,Steady Growth,34.375,Overvalued,0.0x
Out,Social,,,0.0,,,,,
Overnight,Stablecoin issuers,,,0.0,,,,,
Overtake,Gaming,,,0.0,,,,,
PACT,Lending,,,0.0,23.0458089668616,Stagnant/Declining,45.0,Fairly Valued,
PAX Gold,,93.61,AA,,,,,,
PRDT,Prediction markets,,,0.0,,,,,
PancakeSwap,Exchanges (DEX),91.84,AA,20.610528563344047,99.14772727272728,Exceptional Growth,81.26623376623378,Undervalued,0.0x
Pangolin,Exchanges (DEX),,,35.80482073590884,56.60579305288705,Steady Growth,35.93560606060606,Overvalued,0.0x
Panora Exchange,Exchanges (DEX),,,0.0,,,,,
ParaSwap,Exchanges (DEX),,,58.46796562852716,44.93453900798868,Slow Growth,80.86174242424242,Undervalued,0.0x
Paradex,Exchanges (DEX),,,0.0,,,,,
Paradise Tycoon,Gaming,,,0.0,,,,,
ParagonsDAO,Gaming,,,0.0,11.328976034858387,Stagnant/Declining,52.5,Fairly Valued,
Parallel,Blockchains (L2),,,0.0,,,,,
Particle,Derivative exchanges,,,0.0,51.73701298701299,Steady Growth,52.0,Fairly Valued,
Paxos,Stablecoin issuers,,,0.0,,,,,
PayPal USD,Stablecoin issuers,89.93,AA,0.0,,,50.0,Fairly Valued,
PayPal USD,,89.93,AA,,,,,,
Pendle,Derivative exchanges,89.37,AA,44.20295270085844,94.4047485765466,Exceptional Growth,51.42857142857143,Fairly Valued,0.0x
Pendulum,Blockchains (L2),,,0.0,22.881456522571504,Stagnant/Declining,,,
Pepe,,86.58,AA,,,,,,
Perpetual Protocol,Derivative exchanges,,,17.289241196842003,70.24213701938456,Strong Growth,37.72916666666667,Overvalued,0.0x
Phala,Blockchains (L2),,,0.0,65.98589998851321,Strong Growth,,,
Pharaoh,Exchanges (DEX),,,11.785450357889486,57.98437658003843,Steady Growth,88.22510822510822,Undervalued,0.0x
Phoenix,Exchanges (DEX),,,0.0,,,,,
Phoenix Bonds,Asset management,,,0.0,,,,,
Photon,Derivative exchanges,,,0.0,,,,,
Pi,Derivative exchanges,62.4,B,,30.003098810056944,Slow Growth,20.9375,Overvalued,0.0x
Pichi Finance,Derivative exchanges,,,0.0,23.60296846011132,Stagnant/Declining,45.0,Fairly Valued,
Pika Protocol,Derivative exchanges,,,,30.003098810056944,Slow Growth,20.9375,Overvalued,0.0x
Pixels,Gaming,,,0.0,64.77124183006535,Steady Growth,45.0,Fairly Valued,
Pixer,,84.83,A,,,,,,
Planet IX,Gaming,,,0.0,61.66666666666666,Steady Growth,55.0,Fairly Valued,
PlayEmber,Gaming,,,0.0,,,,,
Plume Network,Blockchains (L1),87.81,AA,0.0,40.37878787878788,Slow Growth,45.0,Fairly Valued,
Pnut,,70.16,BB,,,,,,
Pocket Network,Infrastructure,,,0.0,39.7872340425532,Slow Growth,48.21428571428572,Fairly Valued,0.0x
Polimec,Blockchains (L2),,,0.0,31.74589347934295,Slow Growth,,,
Polkadex,Blockchains (L2),,,0.0,22.35264735264735,Stagnant/Declining,,,
Polkadot,Blockchains (L1),84.11,A,29.47191562406533,43.33908279220779,Slow Growth,36.82692307692307,Overvalued,0.0x
Polter Finance,Lending,,,0.0,0.0,Stagnant/Declining,,,
Polygon,Blockchains (L1),,,44.83821236047309,72.31752795815297,Strong Growth,67.28750000000001,Fairly Valued,0.0x
Polygon zkEVM,Blockchains (L2),,,0.0,,,,,
Polymarket,Prediction markets,,,0.0,100.0,Exceptional Growth,,,
Polymesh,,81.59,A,,,,,,
Polynomial Protocol,Derivative exchanges,,,0.0,45.94827586206897,Steady Growth,,,
PoolTogether,Asset management,,,0.0,49.80014357282502,Steady Growth,37.26984126984127,Overvalued,0.0x
Pragma,Infrastructure,,,0.0,,,,,
Predict Fun,Prediction markets,,,0.0,,,,,
Premia,Derivative exchanges,,,0.0,43.760056138442856,Slow Growth,40.55555555555556,Fairly Valued,0.0x
Primex Finance,Exchanges (DEX),,,0.0,,,,,
Prisma Finance,Stablecoin issuers,,,0.0,47.63392857142858,Steady Growth,49.99999999999999,Fairly Valued,
Privy,Infrastructure,,,0.0,,,,,
Prometeus,,76.22,BBB,,,,,,
Proof of Play,Blockchains (L3),,,0.0,,,,,
Pudgy Penguins,,83.89,A,,,,,,
Puffer Finance,Liquid staking,,,0.0,,,,,
PumpBTC,Liquid staking,72.64,BBB,0.0,,,,,
Pyth Network,Oracles,88.19,AA,0.0,,,,,
Qtum,,84.24,A,,,,,,
Quant,,77.34,BBB,,,,,,
QuestN,Infrastructure,,,0.0,,,,,
QuickSwap,Exchanges (DEX),,,51.750236701783,80.12711935820948,Exceptional Growth,77.10714285714286,Undervalued,0.0x
RARI Chain,Blockchains (L3),,,0.0,,,,,
REVOX (ex ReadON),Social,,,0.0,,,,,
RSK Smart Bitcoin,,72.3,BBB,,,,,,
RabbitHole,Gaming,,,0.0,,,,,
RabbitSwap,Exchanges (DEX),,,0.0,,,,,
RabbitX,Derivative exchanges,,,0.0,56.0556586270872,Steady Growth,45.0,Fairly Valued,
Radiant Capital,Lending,,,14.170985570883188,51.703216374269005,Steady Growth,30.312500000000004,Overvalued,0.0x
Raft,Stablecoin issuers,,,0.0,14.999999999999998,Stagnant/Declining,48.33333333333333,Fairly Valued,
Rain.fi,Lending,,,0.0,,,,,
Ramses Exchange,Exchanges (DEX),,,23.84486766445177,44.565305094886575,Slow Growth,63.10876623376623,Fairly Valued,0.0x
Rarible,NFT marketplaces,,,36.22271618026297,65.625,Strong Growth,51.89285714285715,Fairly Valued,0.0x
Ravencoin,,73.45,BBB,,,,,,
Raydium,Exchanges (DEX),82.42,A,0.0,94.2528735632184,Exceptional Growth,,,
ReactorFusion,Lending,,,0.0,23.39181286549708,Stagnant/Declining,55.0,Fairly Valued,
Ready Games Network,Gaming,,,0.0,,,,,
RealT,Asset management,,,0.0,46.20967741935484,Steady Growth,52.0,Fairly Valued,
Rebalance,Asset management,,,0.0,,,,,
RedStone,Blockchains (L2),84.93,A,0.0,,,,,
RedStone,Blockchains (L1),84.93,A,32.063232086680955,68.9659090909091,Strong Growth,60.949519230769226,Fairly Valued,0.0x
Ref Finance,Exchanges (DEX),,,0.0,43.362068965517246,Slow Growth,,,
Reflexer,Stablecoin issuers,,,34.77475120969868,48.30357142857142,Steady Growth,60.90476190476192,Fairly Valued,0.0x
Render Network,Bridges,86.28,A,0.0,45.454545454545446,Steady Growth,42.22222222222223,Fairly Valued,0.0x
Render Network,Infrastructure,86.28,A,0.0,91.6969382459782,Exceptional Growth,55.99999999999999,Fairly Valued,
Renzo,Liquid staking,,,0.0,73.07843137254903,Strong Growth,55.0,Fairly Valued,
ResearchHub,Infrastructure,,,0.0,36.23248572911261,Slow Growth,45.0,Fairly Valued,
Reserve Rights,,88.06,AA,,,,,,
Reserve Rights,Stablecoin issuers,88.06,AA,0.0,,,,,
Reservoir,Infrastructure,,,0.0,,,,,
Reservoir.xyz,Stablecoin issuers,,,0.0,,,,,
Resolv,Stablecoin issuers,,,0.0,,,,,
Revert Finance,Infrastructure,,,0.0,,,,,
Reya,Blockchains (L2),,,0.0,,,,,
Rhea Finance,Exchanges (DEX),,,0.0,,,,,
Rhino.fi,Exchanges (DEX),,,0.0,6.896551724137932,Stagnant/Declining,,,
Rho Protocol,Derivative exchanges,,,0.0,,,,,
Ribbon Finance,Asset management,,,40.50989099012236,51.90134714076247,Steady Growth,30.505952380952383,Overvalued,0.0x
Ring Protocol,Exchanges (DEX),,,0.0,9.775305895439375,Stagnant/Declining,45.0,Fairly Valued,
Rings,Stablecoin issuers,,,0.0,,,,,
Ripple USD,,72.86,BBB,,,,,,
Robonomics Network,Blockchains (L2),,,0.0,45.459268991877686,Steady Growth,50.0,Fairly Valued,
Robots.Farm,Gaming,,,0.0,28.73093681917211,Slow Growth,50.0,Fairly Valued,
Rocket Pool ETH,,85.57,A,,,,,,
Rocket Pool ETH,Liquid staking,85.57,A,0.0,52.80024509803921,Steady Growth,45.0,Fairly Valued,
Rollbit Coin,,69.86,BB,,,,,,
Ronin Network,Blockchains (L1),75.52,BBB,19.76231383028733,54.890713861302096,Steady Growth,44.230769230769226,Fairly Valued,0.0x
Rootstock,Blockchains (L2),,,0.0,,,,,
Router Protocol,Bridges,,,0.0,22.5,Stagnant/Declining,45.0,Fairly Valued,
Rubic,Infrastructure,,,0.0,31.52698495070057,Slow Growth,45.0,Fairly Valued,
SKALE,Blockchains (L1),85.98,A,0.0,34.01515151515152,Slow Growth,45.0,Fairly Valued,
SPACE ID,Lending,69.99,BB,0.0,,,,,
SPACE ID,Infrastructure,69.99,BB,0.0,71.54482355993773,Strong Growth,55.0,Fairly Valued,
SPOT Protocol (ex Ampleforth),Stablecoin issuers,,,0.0,31.428571428571423,Slow Growth,45.0,Fairly Valued,
SPX6900,,70.25,BB,,,,,,
STASIS EURO,,83.57,A,,,,,,
STEPN,Gaming,88.08,AA,0.0,,,,,
STON.fi,Exchanges (DEX),,,0.0,32.98850574712644,Slow Growth,,,
SXP,,90.23,AA,,,,,,
SXP,Prediction markets,90.23,AA,0.0,42.1875,Slow Growth,80.44444444444446,Undervalued,0.0x
Safe,Infrastructure,69.52,BB,0.0,57.03976388168137,Steady Growth,50.0,Fairly Valued,
SafePal,,91.11,AA,,,,,,
Sakai Vault,Derivative exchanges,,,0.0,49.493506493506494,Steady Growth,55.0,Fairly Valued,
Sanctum,Liquid staking,,,0.0,39.41176470588236,Slow Growth,,,
Sanko,Blockchains (L3),,,0.0,,,,,
Saros Finance,,75.98,BBB,,,,,,
SatLayer,Liquid staking,,,0.0,,,,,
Satori Finance,Derivative exchanges,,,0.0,,,,,
Save,Lending,,,0.0,20.526315789473685,Stagnant/Declining,,,
Scallop,Lending,,,0.0,55.0,Steady Growth,,,
Scroll,Blockchains (L2),,,0.0,65.94895087490904,Strong Growth,,,
Seamless Protocol,Lending,,,37.87502872258241,62.473806042885,Steady Growth,42.767857142857146,Fairly Valued,0.0x
Secret Network,Blockchains (L1),,,0.0,28.181818181818183,Slow Growth,,,
Sei Protocol,Blockchains (L1),90.59,AA,0.0,56.13636363636363,Steady Growth,,,
Sellix,Infrastructure,,,0.0,,,,,
SendingMe,Social,,,0.0,,,,,
Seraph,Gaming,,,0.0,79.52069716775598,Strong Growth,55.0,Fairly Valued,
Shadow,Exchanges (DEX),,,0.0,72.51279199110122,Strong Growth,50.0,Fairly Valued,
Shape,Blockchains (L2),,,0.0,55.88559814169572,Steady Growth,,,
ShapeShift,Exchanges (DEX),,,0.0,61.21245828698554,Steady Growth,52.0,Fairly Valued,
Shiba Swap,,92.98,AA,,,,,,
Shoebill Finance,Lending,,,20.95127825728343,56.97368421052632,Steady Growth,,,
Shrapnel,Gaming,,,0.0,57.04248366013072,Steady Growth,50.0,Fairly Valued,
Shuffle,Prediction markets,,,0.0,80.83333333333334,Exceptional Growth,45.0,Fairly Valued,
Siacoin,,73.82,BBB,,,,,,
SideShift,Infrastructure,,,0.0,15.204981837052411,Stagnant/Declining,45.0,Fairly Valued,
Silo Finance,Lending,,,43.02124926877824,45.29605263157895,Steady Growth,39.00000000000001,Overvalued,
SingSing,Social,,,0.0,,,,,
Skip Protocol,Infrastructure,,,0.0,,,,,
Sky (formerly MakerDAO),Stablecoin issuers,91.99,AA,77.66717859436147,63.81696428571428,Steady Growth,45.0,Fairly Valued,
Sky (formerly MakerDAO),,91.99,AA,,,,,,
Slime Revolution,Gaming,,,0.0,,,,,
Slingshot,Exchanges (DEX),,,0.0,,,,,
SmarDex,Exchanges (DEX),,,0.0,46.63403781979978,Steady Growth,50.0,Fairly Valued,
Snek,,61.48,B,,,,,,
Socket,Infrastructure,,,0.0,,,,,
Sofamon,Social,,,0.0,,,,,
Solana,Blockchains (L1),91.78,AA,36.12038312840085,96.22273151684917,Exceptional Growth,79.43181818181817,Undervalued,0.0x
Solana Swap,,74.1,BBB,,,,,,
Solayer,Liquid staking,81.15,A,0.0,100.0,Exceptional Growth,,,
SolidLizard,Exchanges (DEX),,,4.575468576928085,20.327636768126204,Stagnant/Declining,32.93560606060606,Overvalued,
Sologenic,Exchanges (DEX),,,0.0,66.63793103448276,Strong Growth,,,
Solv Protocol,Derivative exchanges,,,0.0,86.00297485765468,Exceptional Growth,65.09453781512606,Fairly Valued,0.0x
Soneium,Blockchains (L2),,,0.0,93.61207897793264,Exceptional Growth,,,
Sonic Labs (prev. Fantom),Blockchains (L1),89.26,AA,,60.70600967659791,Steady Growth,84.6590909090909,Undervalued,0.0x
Sonic Labs (prev. Fantom),Blockchains (L1),89.26,AA,21.674435342567936,32.89152024446142,Slow Growth,36.875,Overvalued,
Sonic Labs (prev. Fantom),,89.26,AA,,,,,,
Sophon,Blockchains (L2),,,0.0,,,,,
Sorare,Gaming,,,0.0,,,,,
Sound.xyz,NFT marketplaces,,,,20.0,Stagnant/Declining,,,
Spacebar,Gaming,,,0.0,,,,,
Spark Protocol,Lending,,,0.0,45.13157894736841,Steady Growth,,,
Spectra,Asset management,,,0.0,34.39882697947213,Slow Growth,45.0,Fairly Valued,
Spin,Derivative exchanges,,,0.0,,,,,
SpookySwap,Exchanges (DEX),,,20.87234771202789,48.97434965618364,Steady Growth,40.45454545454545,Fairly Valued,0.0x
Squid,Infrastructure,,,0.0,,,,,
StaFi,Liquid staking,,,0.0,19.352941176470587,Stagnant/Declining,,,
Stabble,Exchanges (DEX),,,0.0,,,,,
Stability,Asset management,,,0.0,31.21212121212121,Slow Growth,,,
Stacks,Blockchains (L2),81.23,A,0.0,90.3846153846154,Exceptional Growth,,,
Stader ETHx,,64.22,BB,,,,,,
Stader ETHx,Liquid staking,64.22,BB,39.25070817974617,44.74264705882353,Slow Growth,11.250000000000002,Overvalued,0.0x
Staika,,86.75,AA,,,,,,
Stake DAO,Asset management,,,0.0,47.4266862170088,Steady Growth,50.0,Fairly Valued,
Stake.com,Prediction markets,,,0.0,,,,,
StakeStone,Liquid staking,,,0.0,62.5,Steady Growth,,,
StakeWise,Liquid staking,,,31.52352037258972,27.604166666666664,Slow Growth,72.65625,Undervalued,0.0x
Star Atlas,Gaming,,,0.0,67.5,Strong Growth,,,
Starbase,Exchanges (DEX),,,0.0,,,,,
Stargate,Bridges,,,36.96771721829992,53.22646103896104,Steady Growth,33.90625,Overvalued,0.0x
StarkGate,Bridges,,,0.0,,,,,
StarkNet,Blockchains (L2),85.12,A,0.0,74.82779415706244,Strong Growth,22.5,Overvalued,0.0x
StarryNift,Gaming,,,0.0,81.2636165577342,Exceptional Growth,55.0,Fairly Valued,
Stellar,Blockchains (L1),86.48,A,0.0,75.75757575757575,Strong Growth,38.05288461538461,Overvalued,0.0x
Storj,Infrastructure,87.44,AA,0.0,77.19252724442137,Strong Growth,55.0,Fairly Valued,
Story Protocol,,88.12,AA,,,,,,
Stride,Liquid staking,,,0.0,33.529411764705884,Slow Growth,60.0,Fairly Valued,
Stryke,Derivative exchanges,,,0.0,36.00371057513915,Slow Growth,45.0,Fairly Valued,
Subsocial,Blockchains (L2),,,0.0,14.867902132710494,Stagnant/Declining,,,
Succinct,Infrastructure,,,0.0,,,,,
Sudoswap,NFT marketplaces,,,5.512477450205861,35.833333333333336,Slow Growth,35.0,Overvalued,0.0x
Sui,Blockchains (L1),88.49,AA,0.0,87.87878787878788,Exceptional Growth,40.0,Fairly Valued,
Suilend,Lending,,,0.0,,,,,
Sun Swap,Exchanges (DEX),,,0.0,,,,,
SunSwap,,81.0,A,,,,,,
SunSwap,Exchanges (DEX),81.0,A,0.0,87.20800889877643,Exceptional Growth,55.0,Fairly Valued,
Super Champs,Gaming,,,0.0,,,,,
SuperSwap,Exchanges (DEX),,,0.0,,,,,
SuperVerse,,82.71,A,,,,,,
SuperVerse DAO,,75.46,BBB,,,,,,
Superform,Asset management,,,0.0,,,,,
Superposition,Lending,,,0.0,,,,,
Superseed,Blockchains (L2),,,0.0,46.91347270615563,Steady Growth,,,
Superstate,Asset management,,,0.0,,,,,
Sushiswap,Exchanges (DEX),85.11,A,47.83216668659891,88.87737216435771,Exceptional Growth,49.53125000000001,Fairly Valued,0.0x
SwapX,Exchanges (DEX),,,0.0,49.2035595105673,Steady Growth,45.0,Fairly Valued,
Swarm,Infrastructure,,,0.0,41.41417698371513,Slow Growth,49.642857142857146,Fairly Valued,0.0x
Sweatcoin,Social,,,0.0,29.629629629629623,Slow Growth,45.0,Fairly Valued,
Swell,Liquid staking,,,0.0,38.36397058823529,Slow Growth,50.0,Fairly Valued,
Swipe,,89.96,AA,,,,,,
SwissBorg,,70.1,BB,,,,,,
Switchboard,Infrastructure,,,0.0,,,,,
Symbiosis,Exchanges (DEX),,,0.0,56.37819799777531,Steady Growth,45.0,Fairly Valued,
Symbiotic,Liquid staking,,,0.0,80.0,Exceptional Growth,,,
SynFutures,Derivative exchanges,,,44.47377406233293,81.21869202226347,Exceptional Growth,72.44047619047619,Undervalued,0.0x
Synapse,Bridges,,,23.61587787204373,37.82771915584416,Slow Growth,62.43750000000001,Fairly Valued,0.0x
SyncSwap,Exchanges (DEX),,,19.91686098163186,43.06818181818181,Slow Growth,,,
Synonym Finance,Lending,,,0.0,18.971734892787524,Stagnant/Declining,45.0,Fairly Valued,
Synthetix,Derivative exchanges,83.71,A,30.536112044822108,80.07145256221611,Exceptional Growth,49.49404761904763,Fairly Valued,0.0x
Synthswap,Exchanges (DEX),,,0.0,32.35669262143122,Slow Growth,55.0,Fairly Valued,
THORChain,Exchanges (DEX),89.75,AA,0.0,98.85057471264368,Exceptional Growth,55.0,Fairly Valued,
TRON,Blockchains (L1),87.49,AA,89.21328539488609,88.24044011544011,Exceptional Growth,93.07692307692308,Undervalued,0.0x
Taiko,Blockchains (L2),,,0.0,58.54037267080746,Steady Growth,45.0,Fairly Valued,
Talent Protocol,Social,,,0.0,59.16666666666666,Steady Growth,52.0,Fairly Valued,
Talis Protocol,NFT marketplaces,,,0.0,21.11111111111111,Stagnant/Declining,,,
TapiocaDAO,Stablecoin issuers,,,0.0,26.666666666666664,Slow Growth,52.0,Fairly Valued,
Tapos,Gaming,,,0.0,,,,,
Telcoin,,85.95,A,,,,,,
Term Finance,Lending,,,0.0,0.0,Stagnant/Declining,45.0,Fairly Valued,
Term Structure,Blockchains (L2),,,0.0,,,,,
Terra Classic,,50.49,CC,,,,,,
Terra Classic,Blockchains (L1),50.49,CC,0.0,34.2293771043771,Slow Growth,29.375,Overvalued,
Tether,Stablecoin issuers,83.15,A,97.6930345904363,,,,,
Tether Gold,,85.1,A,,,,,,
Tevi,Social,,,0.0,,,,,
Tezos,Blockchains (L1),90.36,AA,0.0,38.78787878787879,Slow Growth,28.740835777126097,Overvalued,0.0x
Thala,Exchanges (DEX),,,0.0,45.08620689655172,Steady Growth,,,
Thales,Derivative exchanges,,,5.54738572289759,57.49369242210991,Steady Growth,34.673611111111114,Overvalued,0.0x
The Arena,Social,,,0.0,,,,,
The Graph,Infrastructure,,,27.46709487715917,66.66858180739862,Strong Growth,47.67857142857143,Fairly Valued,0.0x
The Lost Glitches,Gaming,,,0.0,,,,,
The Open Network,,94.7,AAA,,,,,,
The Sandbox,,93.89,AA,,,,,,
The Standard,Lending,,,0.0,36.315789473684205,Slow Growth,,,
Theta Fuel,,73.68,BBB,,,,,,
Theta Network,Asset management,93.24,AA,0.0,45.625,Steady Growth,,,
Thetanuts,Asset management,,,0.0,45.625,Steady Growth,,,
Thetis Market,Exchanges (DEX),,,0.0,,,,,
Threshold Network,,88.83,AA,,,,,,
Thruster,Exchanges (DEX),,,20.190706320205766,45.25542901203357,Steady Growth,64.78896103896103,Fairly Valued,0.0x
Time.fun,Social,,,0.0,,,,,
Tokemak,Asset management,,,37.32349428436831,60.27126099706746,Steady Growth,54.29017857142858,Fairly Valued,0.0x
Tokenlon,Exchanges (DEX),,,62.00461353030645,41.16273974449726,Slow Growth,62.05681818181819,Fairly Valued,0.0x
Tornado Cash,Infrastructure,,,40.6421287830892,54.8802728148862,Steady Growth,72.1875,Undervalued,0.0x
Toshi,,69.36,BB,,,,,,
Toucan Protocol,Infrastructure,,,0.0,32.22222222222222,Slow Growth,,,
Trojan,Infrastructure,,,0.0,,,,,
TruFin,Liquid staking,,,0.0,,,,,
TrueFi,Lending,,,0.0,43.94554093567252,Slow Growth,18.142857142857142,Overvalued,0.0x
TrueMarkets,Prediction markets,,,0.0,,,,,
TrueUSD,Stablecoin issuers,89.43,AA,0.0,84.52380952380952,Exceptional Growth,55.0,Fairly Valued,
Trust Wallet,,91.66,AA,,,,,,
Turbo,Exchanges (DEX),76.63,BBB,0.0,53.706896551724135,Steady Growth,,,
Turbos Finance,Exchanges (DEX),,,0.0,53.706896551724135,Steady Growth,,,
Typus Finance,Asset management,,,0.0,,,,,
ULTIMA,,78.2,BBB,,,,,,
UMA,Infrastructure,,,0.0,67.77666061235081,Strong Growth,52.5,Fairly Valued,
USDD (Decentralized USD),,81.88,A,,,,,,
UWON Coin,ERC20 Tokens,,,0.0,0.0,Stagnant/Declining,,,
UXLINK,Social,84.53,A,0.0,100.0,Exceptional Growth,55.0,Fairly Valued,
UXLINK,Blockchains (L2),84.53,A,,85.55942702284166,Exceptional Growth,,,
UXUY,Exchanges (DEX),,,0.0,,,,,
Ubeswap,Exchanges (DEX),,,0.0,36.26251390433816,Slow Growth,45.0,Fairly Valued,
UniDex,Derivative exchanges,,,0.0,28.181818181818183,Slow Growth,45.0,Fairly Valued,
Unipilot,Asset management,,,0.0,42.36391129032258,Slow Growth,45.0,Fairly Valued,
Unique Network,Blockchains (L2),,,0.0,30.869452846804755,Slow Growth,,,
Uniswap,Exchanges (DEX),94.28,AAA,0.0,98.44734890619208,Exceptional Growth,59.54101562500001,Fairly Valued,0.0x
Uniswap,Blockchains (L2),94.28,AAA,,77.58420441347272,Strong Growth,,,
Uniswap Labs,Exchanges (DEX),,,53.83258939454786,90.9090909090909,Exceptional Growth,,,
Universal,Infrastructure,,,0.0,,,,,
Unus Sed Leo,,85.62,A,,,,,,
Usual,Stablecoin issuers,,,22.917172470675563,84.4047619047619,Exceptional Growth,93.60000000000002,Undervalued,0.0x
VVS Finance,,68.45,BB,,,,,,
Valeria Games,Gaming,,,0.0,,,,,
Vana,Blockchains (L1),85.34,A,0.0,,,,,
Vaultka,Derivative exchanges,,,0.0,33.962894248608535,Slow Growth,50.0,Fairly Valued,
VeThor Token,,73.5,BBB,,,,,,
Veax,Exchanges (DEX),,,0.0,,,,,
Vechain,Lending,92.59,AA,62.67057362728197,99.07407407407408,Exceptional Growth,70.5859375,Undervalued,0.0x
Velodrome,Exchanges (DEX),,,50.95855686758603,71.53864668655409,Strong Growth,71.14935064935065,Undervalued,0.0x
Venice,Infrastructure,,,0.0,60.16379086663207,Steady Growth,55.0,Fairly Valued,
Venom Bridge,,74.11,BBB,,,,,,
Venus USDC,,73.26,BBB,,,,,,
Venus USDT,,68.62,BB,,,,,,
Venus USDT,Lending,68.62,BB,58.729369995647765,86.17202729044836,Exceptional Growth,84.21875,Undervalued,0.0x
Vertex,Derivative exchanges,,,0.0,76.62141737572772,Strong Growth,82.52083333333334,Undervalued,0.0x
Verus,,58.24,B,,,,,,
Vesta Finance,Stablecoin issuers,,,0.0,43.660714285714285,Slow Growth,32.85714285714286,Overvalued,0.0x
VibrantX,Asset management,,,0.0,,,,,
Viction,Blockchains (L1),,,0.0,43.755411255411246,Slow Growth,24.94261786600496,Overvalued,0.0x
Virtuals Protocol,Infrastructure,80.9,A,0.0,91.48936170212764,Exceptional Growth,,,
Volmex,Derivative exchanges,,,,45.94827586206897,Steady Growth,,,
Voltz,Derivative exchanges,,,0.0,45.94827586206897,Steady Growth,,,
WAGMI (ex Popsicle Finance),Exchanges (DEX),,,0.0,54.51167964404896,Steady Growth,45.0,Fairly Valued,
WELL3,Social,,,0.0,56.388888888888886,Steady Growth,52.0,Fairly Valued,
WETH,,73.33,BBB,,,,,,
WINR Protocol,Prediction markets,,,0.0,55.0,Steady Growth,,,
WOO Token,Exchanges (DEX),83.9,A,0.0,77.25509825732296,Strong Growth,52.0,Fairly Valued,
WOO Token,,83.9,A,,,,,,
Walrus,,85.29,A,,,,,,
Wapal,NFT marketplaces,,,0.0,,,,,
Wasabi,Derivative exchanges,,,0.0,,,,,
Waves,,74.12,BBB,,,,,,
White Whale,Exchanges (DEX),,,0.0,,,,,
WhiteSwap,Exchanges (DEX),,,0.0,,,,,
WigoSwap,Infrastructure,,,0.0,48.59756097560975,Steady Growth,50.0,Fairly Valued,
Wild Forest,Gaming,,,0.0,,,,,
Wombat Exchange,Exchanges (DEX),,,16.964873845336847,37.895894428152495,Slow Growth,28.392045454545457,Overvalued,0.0x
World Mobile Token,,81.97,A,,,,,,
World of Dypians,Gaming,,,0.0,,,,,
Worldcoin,Blockchains (L2),85.19,A,0.0,89.51227887965693,Exceptional Growth,47.5,Fairly Valued,
Wormhole,Infrastructure,88.52,AA,0.0,,,,,
Would,,60.7,B,,,,,,
Wrapped AVAX,,79.08,A,,,,,,
Wrapped Bitcoin,,85.77,A,,,,,,
Wrapped Solana,,74.0,BBB,,,,,,
Wrapped TRON,,72.26,BBB,,,,,,
X Layer,Blockchains (L2),,,0.0,,,,,
X2Y2,NFT marketplaces,,,39.0952594610098,40.9375,Slow Growth,64.62500000000001,Fairly Valued,0.0x
XAI,Blockchains (L3),,,4.112146204819793,85.00000000000001,Exceptional Growth,52.0,Fairly Valued,
XCAD Network,Social,,,0.0,40.27777777777776,Slow Growth,45.0,Fairly Valued,
XDC Network,Blockchains (L1),88.35,AA,0.0,42.5,Slow Growth,,,
XGamble,Prediction markets,,,0.0,,,,,
XOXNO,NFT marketplaces,,,0.0,20.0,Stagnant/Declining,,,
XPLA,Blockchains (L1),,,0.0,28.699494949494948,Slow Growth,40.0,Fairly Valued,
XRP Ledger,Blockchains (L1),94.25,AAA,0.0,95.45454545454544,Exceptional Growth,,,
XRP Ledger,,94.25,AAA,,,,,,
XYO,,82.93,A,,,,,,
XYO,Bridges,82.93,A,0.0,35.0,Slow Growth,50.0,Fairly Valued,
YOLO Games,Gaming,,,0.0,39.7875816993464,Slow Growth,52.0,Fairly Valued,
Yearn Finance,Asset management,70.16,BB,0.0,96.2854349951124,Exceptional Growth,55.0,Fairly Valued,
Yield Guild Games,Gaming,,,0.0,79.79847494553377,Strong Growth,50.99999999999999,Fairly Valued,
ZKEX,Exchanges (DEX),,,0.0,,,,,
ZKFair,Blockchains (L2),,,0.0,52.11538461538461,Steady Growth,,,
ZKNation,,78.95,BBB,,,,,,
ZKNation,Lending,78.95,BBB,0.0,,,,,
ZKX,Derivative exchanges,,,0.0,20.890538033395178,Stagnant/Declining,45.0,Fairly Valued,
ZNS Connect Name Service,Infrastructure,,,0.0,,,,,
Zcash,Blockchains (L1),87.68,AA,0.0,62.95454545454546,Steady Growth,88.1281017369727,Undervalued,0.0x
Zeebu Protocol,,83.39,A,,,,,,
Zeitgeist,Blockchains (L2),,,0.0,17.00908412145346,Stagnant/Declining,,,
Zerion,Infrastructure,,,35.11925409569828,77.77777777777779,Strong Growth,50.0,Fairly Valued,
ZeroLend,Lending,,,0.0,57.25563909774437,Steady Growth,68.66666666666667,Fairly Valued,0.0x
Zeta Markets,Derivative exchanges,,,0.0,66.4795918367347,Strong Growth,,,
ZetaChain,Blockchains (L1),89.73,AA,0.0,58.4090909090909,Steady Growth,,,
Zeus Network,,75.97,BBB,,,,,,
Zignaly,,85.6,A,,,,,,
Zilliqa,,83.27,A,,,,,,
Zircuit,Blockchains (L2),,,0.0,78.14077227120704,Strong Growth,45.0,Fairly Valued,
Zora,NFT marketplaces,,,12.76051336616128,80.0,Exceptional Growth,,,
Zyberswap,Exchanges (DEX),,,14.20027212765285,30.674507870698083,Slow Growth,55.30539772727272,Fairly Valued,0.0x
Zyfi,Infrastructure,,,0.0,,,,,
aelf,,70.92,BB,,,,,,
briq,Infrastructure,,,0.0,,,,,
cat in a dogs world,,67.78,BB,,,,,,
dForce,Lending,,,0.0,78.06042884990252,Strong Growth,56.66666666666666,Fairly Valued,
dHedge,Asset management,,,0.0,47.79325513196481,Steady Growth,45.0,Fairly Valued,
dYdX,Derivative exchanges,,,0.0,84.93506493506493,Exceptional Growth,37.85714285714286,Overvalued,0.0x
deBridge,Interoperability,,,34.073654235107256,0.0,Stagnant/Declining,,,
deBridge DLN,Bridges,,,42.24018962723634,28.571428571428573,Slow Growth,,,
defi.money,Stablecoin issuers,,,0.0,,,,,
dogwifhat,,78.84,BBB,,,,,,
eCash,,73.95,BBB,,,,,,
friend.tech,Social,,,0.795246210771698,48.4567901234568,Steady Growth,11.111111111111112,Overvalued,
iZUMi Finance,Exchanges (DEX),,,0.0,50.94994438264739,Steady Growth,45.0,Fairly Valued,
inkySwap,Exchanges (DEX),,,0.0,,,,,
karpatkey,Infrastructure,,,0.0,,,,,
mETH Protocol,,77.48,BBB,,,,,,
marginfi,Lending,,,0.0,,,,,
nftperp,Derivative exchanges,,,0.0,,,,,
peaq,Blockchains (L1),,,0.0,29.149477973007382,Slow Growth,,,
pods.media,Social,,,0.0,,,,,
pump.fun,Exchanges (DEX),,,0.0,,,,,
re.al,Blockchains (L2),,,0.0,11.538461538461538,Stagnant/Declining,,,
unshETH,Asset management,,,0.0,5.225806451612904,Stagnant/Declining,45.0,Fairly Valued,
usdx.money,Stablecoin issuers,,,0.0,,,,,
vfat.io,Asset management,,,0.0,,,,,
xExchange,Exchanges (DEX),,,0.0,41.63793103448276,Slow Growth,27.5,Overvalued,0.0x
xNINJA,Social,,,0.0,0.0,Stagnant/Declining,,,
yearn.finance,Asset management,,,0.0,96.2854349951124,Exceptional Growth,55.0,Fairly Valued,
zkDX,Derivative exchanges,,,0.0,26.82235621521336,Slow Growth,50.0,Fairly Valued,
zkLend,Lending,,,0.0,41.62158869395712,Slow Growth,45.0,Fairly Valued,
zkMe,Infrastructure,,,0.0,,,,,
zkSwap Finance,Exchanges (DEX),,,0.0,48.15270935960592,Steady Growth,49.99999999999999,Fairly Valued,
zkSync,Blockchains (L2),85.15,A,37.3280384228913,76.67636131763253,Strong Growth,37.21840659340659,Overvalued,0.0x
zkSync Era,Blockchains (L2),,,37.3280384228913,76.67636131763253,Strong Growth,37.21840659340659,Overvalued,0.0x
zkSync Era Bridge,Bridges,,,0.0,59.07235621521336,Steady Growth,,,
zkSync Lite,Blockchains (L2),,,0.0,,,,,
